title,description
"tesla's cybertruck is a dystopian, masturbatory fantasy","its been four years since tesla first announced the cybertruck, a hideously ugly electric pickup truck that didnt seem to actually improve on evs or pickups in any meaningful way instead, the 6,600-pound mass of “stainless super steel” seems to be more the…"
"tesla knew about defects in ""self-driving"" system","a recent fatal accident involving tesla's autopilot program has brought a troubling reality to light the company was likely fully aware that its autopilot systems had difficulty detecting and reacting to certain traffic features, reports npr, but released th…"
tesla in fresh legal battle over self-driving technology,"an american judge has suggested elon musk, amongst other executives at tesla, may have been aware of shortcomings in the […] the post tesla in fresh legal battle over self-driving technology appeared first on readwrite"
watch as submerged tesla model x at florida boat ramp burns underwater,"filed under: video,green,weird car news,tesla,suv,electric,luxury,performance continue reading watch as submerged tesla model x at florida boat ramp burns underwater watch as submerged tesla model x at florida boat ramp burns underwater originally appeared …"
tesla launched its own car insurance these drivers say it's a lemon: 'totally ridiculous',"filed under: green,tesla,insurance,ownership,electric continue reading tesla launched its own car insurance these drivers say it's a lemon: 'totally ridiculous' tesla launched its own car insurance these drivers say it's a lemon: 'totally ridiculous' orig…"
tesla whistleblower says 'autopilot' system is not safe enough to be used on public roads,a former tesla employee in norway has come forward as skeptical of the companys ethically questionable practices with regards to its driver assistance software packages in an interview with the bbc lukasz krupski said he was concerned about the readiness of…
ceo of gm's cruise robo-taxi unit resigns amid us safety review,"filed under: hirings/firings/layoffs,gm,technology,hatchback,autonomous vehicles continue reading ceo of gm's cruise robo-taxi unit resigns amid us safety review ceo of gm's cruise robo-taxi unit resigns amid us safety review originally appeared on autoblog…"
pourquoi changer une batterie de voiture électrique coûte si cher ?,c'est un des grands désavantages des voitures électriques pourquoi changer la batterie d'un ve est un si gros problème ?
tesla launched its own car insurance these drivers say it's a lemon,"elon musk promised cheaper, better, even “revolutionary” auto insurance after tesla started losing sales because of high premiums but understaffing left some customers waiting weeks or months for compensation as they continued making payments on crashed cars"
cette voiture électrique est lune des plus sûres au monde : voici son état après un accident spectaculaire,un récent accident ayant impliqué un exemplaire de la byd yangwang u8 nous montre la grande résistance de cet incroyable suv électrique à tel point qu'il serait l'une des voitures électriques les plus sûrs du monde ? peut-être bien alors qu'il se dote de nom…
à quel point la voiture électrique coûte moins cher en entretien et réparation quune thermique,"une voiture électrique coûte plus cher à l'achat que son homologue thermique mais on sait qu'à l'usage, une voiture électrique coute moins cher c'est également le cas pour l'entretien et la réparation, comme le montrent ces chiffres norvégiens"
cette voiture électrique chinoise remet les idées en place sur les préjugés,"la division haut de gamme de byd (numéro 2 mondial de la voiture électrique derrière tesla), yangwang vient de dévoiler les premières images de l'intérieur de la nouvelle u9 ce dernier est pour le moins impressionnant et devrait faire changer d'avis sur les …"
man vs musk: whistleblower creates headaches for tesla,"a day after lukasz krupski put out a fire at a tesla car delivery location in norway, seriously burning his"
tesla update brings 12 fun features to its evs – including a 'screaming goat' lock sound,"tesla's latest software update brings with it a whole host of new features, from extended camera coverage to arcade updates"
"tesla flies over swimming pool, crashes into home","a tesla ended up inside a bay area family's home early friday morning after the driver lost control, hitting an embankment and causing the vehicle to soar through a nearby yard, driveway, and over a swimming pool before colliding into the kitchen of another h…"
one-owner 2013 tesla model s p85 at no reserve,"this 2013 tesla model s p85 was acquired new by the current owner and is powered by a rear-mounted three-phase ac induction electric motor linked with a single-speed direct drive transmission finished in white over tan nappa leather upholstery, the car is eq…"
voiture électrique : ne tombez pas en panne !,"avec des délais interminables pour certains éléments, il vaut mieux éviter d'avoir à passer par l'atelier l'éditorial watt else du 9 novembre a abordé l'épineux problème des pénuries de pièces détachées en sav"
"florida judge finds ‘reasonable evidence that tesla, musk knew about autopilot issues","a florida judge found “reasonable evidence” that tesla ceo elon musk and other managers were aware of a defective autopilot system in its vehicles and still allowed the vehicles to be driven unsafely as detailed by reuters, judge reid scott ruled last week i…"
critiquer un constructeur auto en chine peut couter très cher : ces influenceurs en ont fait les frais,la liberté dexpression nest toujours pas à la mode en chine où plusieurs influenceurs ont été condamnés en justice pour avoir critiqué un constructeur de voitures électriques
comment la batterie dune voiture électrique peut impacter les coûts de réparation dune marque à une autre,"dans un souci déconomies, les constructeurs de voitures électriques nhésitent pas à opter pour des batteries plus difficiles à réparer résultat, les coûts en cas daccident augmentent, ce qui a également un impact sur le montant de lassurance mais ce ne…"
tesla cybertruck arriving! what to expect,"tesla cybertruck deliveries are finally starting! today is the day just about 4 years after the initial unveiling event, the [continued] the post tesla cybertruck arriving! what to expect appeared first on cleantechnica"
did cruise just take on too much risk?,weve been discussing cruise and robotaxis for weeks following the unfortunate death of a pedestrian in san francisco it was [continued] the post did cruise just take on too much risk? appeared first on cleantechnica
ev battery repair is dangerous heres why mechanics want to do it anyway,fixing car and e-bike batteries saves money and resources — but challenges are holding back the industry
tesla 'megacast' components pushing up insurance costs,"thatcham research tasked with testing ev maker's new underbody after insurers and repairers raise concerns tesla is working to address criticism that its huge ‘megacast underbody sections are too hard to repair, pushing up the cost of insurance, autocar has…"
electric car insurance costs soar 72% due to repair struggles,"ballooning premiums and no clear answer - we detail exactly what's wrong and why it's happening just as the commercial fortunes of evs has started to improve, a dark cloud has emerged in the shape of increasing electric car insurance costs the cost of ins…"
"seppuku at gms cruise division shows the necessity of transparency, but that may not be enough","as weve written about recently, gms cruise autonomous vehicle and robotaxi division is in crisis after a particularly nasty crash [continued] the post seppuku at gms cruise division shows the necessity of transparency, but that may not be enough appea…"
gm #39;focused on righting#39; ship at self-driving cruise unit: ceo mary barra,mary barra said at a media event an ongoing outside external safety review will guide the company#39;s path forward and is expected to be completed in early 2024
tesla owner forced to apologize following protest over alleged brake malfunction,"a tesla car owner who protested against the company during the auto shanghai show in early 2021 has been forced to apologize for damaging the us car companys reputation by alleging that tesla sold defective cars, chinese media outlets reported on wednesday …"
muni long reveals she has autism: '[this] explains so much',"muni long has provided updates on her health and revealed that she has autism, which has helped her make sense of her other medical conditions"
"judge finds evidence that tesla, musk knew about autopilot defect","a florida judge found “reasonable evidence” that tesla chief executive elon musk and other managers knew the automakers vehicles had a defective autopilot system but still allowed the cars to be driven unsafely, according to a ruling judge reid scott, …"
tesla service centre malaysia: heres how tesla after-sales service works,"during the handover ceremony for the first batch of tesla model 3, tesla malaysia provided a preview of its first service centre in the country the first tesla service centre is located at cyberjaya just next door to the tesla experience centre, cyberjaya i…"
tesla launched its own car insurance these drivers say its a lemon,"in february, mark bova purchased a used 2018 tesla model s before leaving the dealer, he bought insurance from tesla, finding the initial $93 monthly premium “really reasonable” sixteen days later, as he drove along the capital beltway to his …"
zf takes one small step for electric cars,aftermarket repair parts for electric cars are not widely available but zf is looking to fill the need with dedicated repair kits the post zf takes one small step for electric cars appeared first on cleantechnica
gm 'focused on righting' ship at self-driving cruise unit -ceo,"detroit :general motors ceo mary barra said on monday the detroit automaker is ""very focused on righting the ship"" at cruise, its troubled self-driving unit but said it did not plant to say how much it will spend until its completes a pair of reviewsbarra sa…"
[removed],[removed]
tesla reveals the factors it uses for range calculation,tesla has been at the forefront of electric vehicle technology the company has made significant strides in perfecting its range of prediction tools the accuracy the post tesla reveals the factors it uses for range calculation appeared first on gizchina…
le marché automobile européen sens dessus dessous,"pendant bien des années, volkswagen et sa golf ont dominé outrageusement le marché européen oui, mais ça, c'était avant les choses ont déjà changé en 2022 en 2023, toujours pas de vw en tête à l'horizon et si ce n'était que le début d'une mutation profond…"
yg fan begs him to remove explicit photo of baby mother: ‘got me looking like a goofy,"yg has inadvertently humiliated a fan by posting an explicit photo of their baby mother, and the fan subsequently begged the compton rapper to take it down"
judge finds evidence that tesla knew about autopilot defect,
judge says evidence shows tesla and elon musk knew about flawed autopilot system,"in the decision, a palm beach county judge noted tesla's glowing marketing strategy and musk's public statements about the self-driving software the decision means a trial against tesla can proceed"
elon musk's autopilot tesla software under radar as whistleblower leaks data,"new delhi: a fired tesla employee shared with a german business newspaper data involving accident reports and other internal tesla communications that highlighted the ""flaws with the companys autopilot driver-assistance software "", reported the new york time…"
tesla whistleblower calls cars with autopilot “experiments in public roads”,"a former tesla employee who leaked thousands of accident reports and other documents expressed his doubts about the safety of tesla's autopilot system in an interview with the bbc published today ""i don't think the hardware is ready and the software is ready…"
cruise facing penalties for 'misleading' regulators after robotaxi dragged woman for 20 feet,"happy tuesday! its december 5, 2023, and this is the morning shift — your daily roundup of the top automotive headlines from around the world, all in one place here are the important stories you need to knowread more"
les tesla ne seraient pas adaptées pour la conduite autonome,cela fait un petit temps quelon musk envisage de révolutionner le monde de lautomobile avec des tesla parfaitement autonomes mais il y a un hic cest une révélation qui ne va pas plaire à tous ceux qui espéraient un jour pouvoir voyager dans une tesla en …
tesla gagne son procès contre un cliente qui laccusait de malfaçon,"une cliente qui a accusé tesla de malfaçon d'une façon plutôt spectaculaire a perdu son procès contre le constructeur américain en 2021, elle avait fait irruption au salon de shanghai pour dénoncer la responsabilité de la marque dans un grave"
"judge finds evidence that tesla, musk knew about autopilot defect","judge finds evidence that tesla, musk knew about autopilot defect"
why are solid-state ev batteries better and when are they coming to bmw?,"battery technology is one of the main limiting factors holding electric vehicles from surpassing their fuel-burning counterparts in all areas the weight and energy density of the battery pack, as well as the potential fire first published by https://wwwb…"
"7 ways to get rich (fast), according to an expert","want to learn how to make money, get rich (fast) and fast-track your way to financial success? this social media star has the answers"
"midday movers: boeing, micron, tesla and more","midday movers: boeing, micron, tesla and more"
'he has become a symbol': paul kessler mourned as questions about his death haunt community,the death of a 69-year-old jewish man during a confrontation at dueling protests over the israel-hamas war has increased fear and grief in the conejo valley
"2023, année difficile pour peugeot","non, l'année n'est pas encore terminée, mais il est déjà possible de tirer quelques conclusions pour peugeot par exemple, 2023 n'aura pas été un bon cru"
cheap labor: are tech giants exploiting ugandans?,young ugandans are training the artificial intelligence software and systems of the world's tech giants but experts say their labor for companies such as google and microsoft comes cheap
tesla launched its own car insurance these drivers say it's a lemon,"(marketscreenercom) in february, mark bova purchased a used 2018 tesla model s before leaving the dealer, he bought insurance from tesla itself, finding the initial $93 monthly premium really reasonable sixteen days later, as he drove along the capital …"
gm boss mary barras high-tech bet unraveling after kyle vogt departs as ceo of embattled cruise robotaxi unit,"kyle vogt departs the company he founded, marking a stunning fall from grace for a tech startup that only this summer celebrated a major victory for the fledgling industry"
how is ai changing the auto industry?,wharton professors dive into how ai is supercharging driverless cars and other vehicles of the future…read more
tesla : un juge affirme quelon musk savait que lautopilot était défectueux,"dans une décision de justice rendue la semaine dernière, un juge de floride a déclaré qu'il existait des “preuves raisonnables” permettant de conclure que le milliardaire et d'autres dirigeants de tesla savaient que le système de conduite automatisée de l'ent…"
"elon musk knew about tesla autopilot glitch, still let cars run: us judge","a florida judge found ""reasonable evidence"" that tesla chief executive elon musk and other managers knew the automaker's vehicles had a defective autopilot system but still allowed the cars to be driven unsafely, according to a ruling"
payer pour être au chaud dans sa voiture ? tesla y réfléchirait,"tesla pourrait proposer un abonnement payant pour activer certaines fonctionnalités destinées à lutter contre le froid actuellement, elles sont gratuites pour toutes les voitures du constructeur en hiver, s'il y a bien une chose qui peut nous faire supporte…"
"tiffany haddish plans to “get help” after her most recent dui arrest, her second in less than 2 years: “this will never happen again”",she also praised the beverly hills police department for how they handled the situation
model y insurance costs may be lowered as tesla addresses gigacast part deformation concerns and repair prices,automotive insurers oftentimes prefer to total a tesla vehicle and write it off rather than repair it at a prohibitive cost tesla has now started delivering gigacast chassis parts to repair shops at cost and has addressed deformation concerns to a great exte…
out-of-control tesla flies over swimming pool before crashing into us home,"in a horrifying incident, a tesla driver in the us lost control of his car, hit an embankment and flew over a swimming pool before crashing into a home in california"
"interviu dr adrian dijmărescu, medic primar radiologie-imagistică medicală, sanador: „rolul investigațiilor imagistice pentru diagnosticul cancerului este foarte complex“","de la screeningul realizat pentru multe tipuri de boală oncologică, la diagnosticul avansat, stadializare și monitorizarea pe termen lung a evoluției, investigațiile imagistice sunt esențiale pentru managementul pacienților cu cancer"
keep bhav (price) & bhav (emotion) in check; we could be in for a decade of very strong growth: manish chokhani,"“we always say in enam that bhav and bhav dono pe dhyan do bhav as in price and bhav as in your emotion, both have to be in check and right now the prices are slightly elevated as are our emotions but it is also justified if things work out in the coming el…"
microsofts copilot rises from the ashes of bob and clippy,"copilot technology was still in its infancy only eight months ago last week, it went to general availability at top enterprises, and now 70% of users indicate they dont want to work without this capability the post microsofts copilot rises from the ashes …"
leveraging the essence of luxury for effective marketing strategies,"luxury has always been associated with high-end brands and products, with marketers utilizing this association to promote their offerings effectively luxury is not just about price tags and exclusivity, but an intricate web of storytelling, consumer psycholo…"
"media matters chair won't back down about anti-semitism on x: 'as evidenced by elon musks own conduct, the rot seems to go all the way to the top'","angelo carusone is undaunted ""hes engaged in malicious cruelty for no reason at all against people that clearly have a lot less power than him"""
for all mankind recap: whos the boss?,we finally know what happened to danny read more in vultures episode five recap of apple tv+s ‘for all mankind
"judge finds evidence that tesla, elon musk knew about autopilot defect","a florida judge found ""reasonable evidence"" that tesla chief executive elon musk and other managers knew the automaker's vehicles had a defective autopilot system but still allowed the cars to be driven unsafely, according to a ruling"
tesla drivers family can seek punitive damages over fatal crash,"tesla incs trial over a 2019 fatal crash blamed on autopilot will include a claim against the company for punitive damages, a florida judge ruled, citing evidence that shows chief executive officer elon musk and staff engineers knew its driver-assistance sys…"
where are all the robot trucks?,"autonomous trucks have hit many speed bumps along the way, but key leaders say the next few years will be pivotal can the industry get out of neutral?"
man vs elon musk: a whistleblower creates headaches for tesla,"lukasz krupski put out a fire at a tesla car delivery location in norway, seriously burning his hands and preventing a disaster but he was later harassed, threatened and eventually fired for complaining about what he considered grave safety problems at his w…"
[removed],[removed]
what you missed on wall street this morning,"see the rest of the story here theflycom provides the latest financial news as it breaks known as a leader in market intelligence, the fly's real-time, streaming news feed keeps individual investors, professional money managers, active traders, and corpor…"
"o platformă auto cu mașini tesla spulberată pe valea oltului de alta, care transporta autoturisme second hand","două camioane care transportau autoturisme pe platforme au fost implicate, marţi după-amiază, într-un accident pe dn 7, pe valea oltului, în zona localităţii boiţa din judeţul sibiu una din platforme era încărcată cu autoturisme tesla, în timp ce cea de-a do…"
elon musk versus the whistleblower who created headaches for tesla,new york times: what started as a good news story has turned into a nightmare
video: how urban expansion & renewal deliver event excellence,"urban expansion presents a golden opportunity for smart city planning that benefits both events and the local community find out how phoenix has become a shining example of urban renewal with its updated transportation infrastructure, new research hubs, high…"
hyderabad: 9 killed in building fire; telangana cm announces rs 5 lakh ex-gratia,hyderabad fire: the fire brigade was alerted around 9:30 am and fire tenders were rushed to the spot thereafter
"judge finds evidence that tesla, musk knew about autopilot defect","a florida judge found ""reasonable evidence"" that tesla chief executive elon musk and other managers knew the automaker's vehicles had a defective autopilot system but still allowed the cars to be driven unsafely, according to a rulingjudge reid scott, in the…"
tesla launched its own car insurance these drivers say it's a lemon,customer complaints against auto insurance companies arent uncommon and theres no way to know exactly how many have been made against tesla insurance and how its record compares with competitors thats in part because regulators in some states where it d…
dpa-afx overview: companies from 29112023 - 15:15,"(marketscreenercom) roundup: aroundtown in the red - shares in the red luxembourg - the commercial real estate specialist aroundtown is still deep in the red after nine months due to the weak environment as expected, investors reacted negatively on wednesda…"
tesla : un youtubeur teste le fsd et évite trois accidents de justesse,"le fondateur de la chaîne youtube hyperchange a réalisé une vidéo où il a testé les systèmes de conduite autonome des robotaxis de waymo (google) et de tesla il a constaté, non sans peur, que le fsd (full self driving) du fabricant américain avait des diffic…"
4 frugal things ive done lately,spending intentionally (and sometimes being frugal) is how to live life now while making sure you'll have plenty left over for the future the post 4 frugal things ive done lately appeared first on the white coat investor - investing & personal finance for d…
are tech giants exploiting ugandans?,young ugandans are training the artificial intelligence software and systems of the world's tech giants but experts say their labor for companies such as google and microsoft comes cheap music plays in the background of the darkened open-plan office where m…
why is electric car insurance so expensive? ev vs ice cost analysis,we look into claims that electric cars face higher insurance premiums than ice equivalents
smart #1: find out why it's a what car? five-star car,"performance meets practicality in smart's award-winning #1 electric suv when it comes to spotting, picking and naming the best cars available today, the road test teams at autocar and our sister title what car? are pretty discerning every model that passe…"
misreporting of tesla safety violations highlight narrow parameters of sec whistleblower program and need for employee education,"leaked safety concerns around technology safety, vehicle production, and internal cybersecurity at tesla have come forth via former employee luckaz krupski part of a crew established to prepare teslas for delivery to norwegian customers, krupski was hailed a…"
spacex a dissimulé pendant 9 ans la mort dun de ses employés dans une usine du texas,600 blessures provoquées par des accidents du travail n'auraient également pas été signalées
tesla wins public apology from owner who tormented the company,tesla has won a court order against an owner in china who tormented the company with protests at stores and events over an alleged “brake failure” that was proven nonexistent more… the post tesla wins public apology from owner who tormented the company appe…
david blaine reveals new stunts for vegas show — and the one doctors wont let him do,"“kissing a king cobra's head is the most dangerous stunt i've ever attempted,"" david blaine said ""get bit by a cobra and you will not be unscathed"""
uganda: are tech giants exploiting ugandans?,[dw] young ugandans are training the artificial intelligence software and systems of the world's tech giants but experts say their labor for companies such as google and microsoft comes cheap
"tesla, musk likely aware of autopilot deficiencies behind florida fatality, says judge","decision means family of man killed in 2019 cross-traffic collision can take carmaker to trial there is ""reasonable evidence"" that tesla and elon musk were aware of deficiencies in autopilot that caused the 2019 death of a model 3 owner, a florida judge has r…"
there's big auto industry news this week it isn't about tesla's cybertruck,"a day before tesla hands over cybertrucks to eager customers, general motors will update investors about its business"
"tesla holiday update leaks, and its a bit of a weak one","teslas annual holiday software update, which is generally a big and fun one, has leaked, and its a bit disappointing this year more… the post tesla holiday update leaks, and its a bit of a weak one appeared first on electrek"
alarming mismatch remains between china's words and actions,"china, under xi jinping's leadership, continues to test global resolve through assertive actions, contradicting diplomatic assurances recent dangerous activities by china's naval and law enforcement agencies challenge its diplomatic rhetoric despite xi's cl…"
tesla whistleblower calls cars with autopilot “experiments in public roads”,whistleblower speaks out after tesla sued him over document leaks
musk warns of troubles at x what its demise could mean for tesla,"microsoft joins openai board, general motors increases dividend and stock buybacks, cigna and humana discuss merger, and other news to start your day"
"buy gm stock, not ford, says wall street",gm stock caught an upgrade to buy at mizuho gm shares also were started with a buy rating at hsbc that broker rates ford stock hold
risks digest 3395,"posted by risks list owner on dec 02risks-list: risks-forum digest saturday 2 december 2023 volume 33 : issue 95 acm forum on risks to the public in computers and related systems (comprisks) peter g neumann, founder and still moderator ***** see last item…"
"florida judge finds tesla, elon musk knew of defective autopilot system | techcrunch","there is ""reasonable evidence"" to conclude that tesla and its officers, including ceo elon musk, knew its vehicles had defective autopilot systems but"
judecător: elon musk „ar fi știut” că sistemul autopilot are probleme,"tesla a avut, recent, câștig de cauză într-un proces în care constructorul american era tras la răspundere în urma unui accident fatal în care mașina se conducea singură prin modul de rulare autonomă auto pilot chiar și așa, problemele nu s-au sfârșit pentru…"
